utm_x,utm_y,flag
332260.836577,4128603.840575,0
332260.599218,4128603.945225,0
332260.335041,4128604.039313,0
332260.000387,4128604.157011,0
332259.771670,4128604.250388,0
332259.560240,4128604.321220,0
332259.357674,4128604.391874,0
332259.119871,4128604.474334,0
332258.926171,4128604.544811,0
332258.714518,4128604.604547,0
332258.415103,4128604.710439,0
332258.221403,4128604.780916,0
332257.992686,4128604.874294,0
332257.763525,4128604.945481,0
332257.517079,4128605.039213,0
332257.252680,4128605.122205,0
332256.979638,4128605.216470,0
332256.715239,4128605.299462,0
332256.477213,4128605.370826,0
332256.256917,4128605.441835,0
332256.062995,4128605.501217,0
332255.869073,4128605.560598,0
332255.666508,4128605.631252,0
332255.428704,4128605.713712,0
332255.208409,4128605.784721,0
332254.926501,4128605.879164,0
332254.706428,4128605.961268,0
332254.468402,4128606.032633,0
332254.221734,4128606.115270,0
332253.966644,4128606.220275,0
332253.702245,4128606.303267,0
332253.446711,4128606.386082,0
332253.191399,4128606.479992,0
332252.935866,4128606.562807,0
332252.689419,4128606.656539,0
332252.443194,4128606.761368,0
332252.196526,4128606.844005,0
332251.958722,4128606.926465,0
332251.712276,4128607.020197,0
332251.474472,4128607.102657,0
332251.245534,4128607.184939,0
332251.007730,4128607.267399,0
332250.778792,4128607.349682,0
332250.540988,4128607.432141,0
332250.312050,4128607.514424,0
332250.065381,4128607.597061,0
332249.836443,4128607.679343,0
332249.484503,4128607.819588,0
332249.255565,4128607.901870,0
332249.018205,4128608.006521,0
332248.789489,4128608.099899,0
332248.552130,4128608.204549,0
332248.323413,4128608.297927,0
332247.981005,4128608.471281,0
332247.734337,4128608.553918,0
332247.505621,4128608.647296,0
332247.258952,4128608.729933,0
332247.030014,4128608.812216,0
332246.792432,4128608.905771,0
332246.545542,4128608.977313,0
332246.307516,4128609.048677,0
332246.069935,4128609.142233,0
332245.841218,4128609.235611,0
332245.603415,4128609.318071,0
332245.374699,4128609.411449,0
332245.145760,4128609.493731,0
332244.908179,4128609.587287,0
332244.679241,4128609.669569,0
332244.450525,4128609.762947,0
332244.221586,4128609.845230,0
332243.992648,4128609.927512,0
332243.754845,4128610.009972,0
332243.534993,4128610.103173,0
332243.297190,4128610.185633,0
332243.050522,4128610.268270,0
332242.803631,4128610.339812,0
332242.565828,4128610.422272,0
332242.337333,4128610.526746,0
332242.099530,4128610.609206,0
332241.861949,4128610.702761,0
332241.633233,4128610.796139,0
332241.395651,4128610.889695,0
332241.166935,4128610.983073,0
332240.937997,4128611.065356,0
332240.700416,4128611.158911,0
332240.471700,4128611.252289,0
332240.251849,4128611.345490,0
332240.022688,4128611.416677,0
332239.811480,4128611.498605,0
332239.582542,4128611.580887,0
332239.353604,4128611.663170,0
332239.133531,4128611.745275,0
332238.904593,4128611.827558,0
332238.657702,4128611.899100,0
332238.428986,4128611.992478,0
332238.190961,4128612.063843,0
332237.962245,4128612.157221,0
332237.733306,4128612.239504,0
332237.504590,4128612.332882,0
332237.267009,4128612.426438,0
332237.046936,4128612.508543,0
332236.818220,4128612.601921,0
332236.589504,4128612.695299,0
332236.360566,4128612.777582,0
332236.131628,4128612.859865,0
332235.902912,4128612.953243,0
332235.665108,4128613.035703,0
332235.435948,4128613.106890,0
332235.215875,4128613.188996,0
332235.013310,4128613.259651,0
332234.749356,4128613.364834,0
332234.529283,4128613.446940,0
332234.282837,4128613.540673,0
332234.071851,4128613.633696,0
332233.807897,4128613.738880,0
332233.596467,4128613.809712,0
332233.376171,4128613.880722,0
332233.147456,4128613.974100,0
332232.918517,4128614.056383,0
332232.680714,4128614.138844,0
332232.442911,4128614.221304,0
332232.213973,4128614.303587,0
332231.967305,4128614.386225,0
332231.729279,4128614.457589,0
332231.500563,4128614.550968,0
332231.271181,4128614.611060,0
332231.033156,4128614.682424,0
332230.795130,4128614.753789,0
332230.565970,4128614.824977,0
332230.327945,4128614.896342,0
332230.090142,4128614.978802,0
332229.861204,4128615.061085,0
332229.632044,4128615.132272,0
332229.394241,4128615.214733,0
332229.182811,4128615.285565,0
332228.962738,4128615.367671,0
332228.760173,4128615.438326,0
332228.575560,4128615.519721,0
332228.276146,4128615.625615,0
332228.029700,4128615.719349,0
332227.791897,4128615.801809,0
332227.457244,4128615.919508,0
332227.246036,4128616.001436,0
332227.034606,4128616.072269,0
332226.832041,4128616.142924,0
332226.514674,4128616.238077,0
332226.276649,4128616.309442,2
332226.082727,4128616.368824,2
332225.827416,4128616.462735,2
332225.430485,4128616.570581,2
332225.236786,4128616.641059,2
332224.972387,4128616.724052,2
332224.725719,4128616.806690,2
332224.532019,4128616.877168,2
332224.338320,4128616.947645,2
332224.144398,4128617.007028,2
332223.906817,4128617.100584,2
332223.704030,4128617.160143,2
332223.510331,4128617.230621,2
332223.281171,4128617.301809,0
332223.087471,4128617.372286,0
332222.682786,4128617.535787,0
332222.453848,4128617.618071,0
332222.224910,4128617.700354,0
332222.022345,4128617.771009,0
332221.731574,4128617.865630,0
332221.511723,4128617.958831,0
332221.318023,4128618.029309,0
332220.939045,4128618.147896,0
332220.639631,4128618.253790,0
332220.349303,4128618.370602,0
332220.050111,4128618.487592,0
332219.777514,4128618.604049,0
332219.548576,4128618.686332,0
332219.293487,4128618.791339,0
332219.090923,4128618.861994,0
332218.870850,4128618.944100,0
332218.677151,4128619.014577,0
332218.413197,4128619.119761,0
332218.201767,4128619.190594,0
332217.964186,4128619.284150,0
332217.700010,4128619.378239,0
332217.427191,4128619.483601,0
332217.136419,4128619.578222,0
332216.863600,4128619.683584,0
332216.608512,4128619.788591,0
332216.362066,4128619.882324,0
332216.133350,4128619.975703,0
332215.904634,4128620.069082,0
332215.693649,4128620.162106,0
332215.473576,4128620.244212,0
332215.253504,4128620.326317,0
332215.033431,4128620.408423,0
332214.822224,4128620.490352,0
332214.593508,4128620.583730,0
332214.373435,4128620.665836,0
332214.144720,4128620.759215,0
332213.906917,4128620.841676,0
332213.669336,4128620.935232,0
332213.308310,4128621.064560,0
332213.070508,4128621.147021,0
332212.824062,4128621.240755,0
332212.577394,4128621.323393,0
332212.330504,4128621.394936,0
332211.960613,4128621.524442,0
332211.731897,4128621.617821,0
332211.485007,4128621.689363,0
332211.256292,4128621.782742,0
332211.018711,4128621.876299,0
332210.789996,4128621.969678,0
332210.561280,4128622.063057,0
332210.332565,4128622.156436,0
332210.103627,4128622.238719,0
332209.866046,4128622.332276,0
332209.636886,4128622.403464,0
332209.399306,4128622.497020,0
332209.161503,4128622.579481,0
332208.914613,4128622.651024,0
332208.553810,4128622.791448,0
332208.333515,4128622.862458,0
332208.086847,4128622.945097,0
332207.839957,4128623.016640,0
332207.478709,4128623.134872,0
332207.240907,4128623.217333,0
332206.897611,4128623.346306,0
332206.668674,4128623.428590,0
332206.448601,4128623.510696,0
332206.114393,4128623.650587,0
332205.876590,4128623.733048,0
332205.638788,4128623.815509,0
332205.409850,4128623.897793,0
332205.180913,4128623.980077,0
332204.951975,4128624.062360,0
332204.599815,4128624.191511,0
332204.370655,4128624.262699,0
332204.141717,4128624.344983,0
332203.807065,4128624.462683,0
332203.578127,4128624.544967,0
332203.349190,4128624.627250,0
332203.120252,4128624.709534,0
332202.900180,4128624.791640,0
332202.671242,4128624.873924,0
332202.450948,4128624.944934,0
332202.230875,4128625.027041,0
332202.001716,4128625.098229,0
332201.781421,4128625.169239,0
332201.561349,4128625.251346,0
332201.332189,4128625.322534,0
332201.085299,4128625.394077,0
332200.846830,4128625.443252,0
332200.617004,4128625.481154,0
332200.378090,4128625.508137,0
332200.148042,4128625.534944,0
332199.908906,4128625.550832,0
332199.669771,4128625.566720,0
332199.439722,4128625.593527,0
332199.218317,4128625.609060,0
332198.988046,4128625.624771,0
332198.757554,4128625.629386,0
332198.518196,4128625.634179,0
332198.278616,4128625.627876,0
332198.038814,4128625.610478,0
332197.807877,4128625.592903,0
332197.576495,4128625.553136,0
332197.362844,4128625.513014,0
332197.148526,4128625.439606,0
332196.943074,4128625.366021,0
332196.737399,4128625.281340,0
332196.531502,4128625.185563,0
332196.325605,4128625.089786,0
332196.119264,4128624.971819,0
332195.895192,4128624.854206,0
332195.671120,4128624.736594,0
332195.339112,4128624.543443,0
332195.114596,4128624.403640,0
332194.799652,4128624.176847,0
332194.592644,4128624.025593,0
332194.394057,4128623.851971,0
332194.204335,4128623.678171,0
332194.032121,4128623.492920,0
332193.859684,4128623.296574,0
332193.696113,4128623.100051,0
332193.523899,4128622.914800,0
332193.369193,4128622.718099,0
332193.214487,4128622.521398,0
332193.059781,4128622.324697,0
332192.913940,4128622.127818,0
332192.785607,4128621.919489,0
332192.657052,4128621.700065,0
332192.546227,4128621.480285,0
332192.426537,4128621.260683,0
332192.306847,4128621.041081,0
332192.195800,4128620.810206,0
332192.093840,4128620.590249,0
332191.982793,4128620.359373,0
332191.880611,4128620.128321,0
332191.769563,4128619.897446,0
332191.667604,4128619.677489,0
332191.501144,4128619.336724,0
332191.343549,4128618.995781,0
332191.241367,4128618.764729,0
332191.139185,4128618.533676,0
332191.037225,4128618.313719,0
332190.926178,4128618.082844,0
332190.815131,4128617.851969,0
332190.713171,4128617.632012,0
332190.610989,4128617.400959,0
332190.508807,4128617.169906,0
332190.397760,4128616.939031,0
332190.295800,4128616.719074,0
332190.193617,4128616.488021,0
332190.091435,4128616.256969,0
332189.989253,4128616.025916,0
332189.887293,4128615.805959,0
332189.785111,4128615.574907,0
332189.691794,4128615.343676,0
332189.589834,4128615.123719,0
332189.487652,4128614.892667,0
332189.394335,4128614.661437,0
332189.292153,4128614.430384,0
332189.190193,4128614.210427,0
332189.088233,4128613.990470,0
332188.977408,4128613.770690,0
332188.866583,4128613.550911,0
332188.764400,4128613.319858,0
332188.653575,4128613.100078,0
332188.542528,4128612.869203,0
332188.431703,4128612.649424,0
332188.329520,4128612.418371,0
332188.236203,4128612.187141,0
332188.151751,4128611.955733,0
332188.075942,4128611.713053,0
332188.017863,4128611.470017,0
332187.942054,4128611.227336,0
332187.892841,4128610.984123,0
332187.852270,4128610.729637,0
332187.820564,4128610.474973,0
332187.788859,4128610.220309,0
332187.766018,4128609.965468,0
332187.752265,4128609.721545,0
332187.756242,4128609.477266,0
332187.769084,4128609.232811,0
332187.817387,4128608.987645,0
332187.874999,4128608.764492,0
332187.941254,4128608.530067,0
332188.016596,4128608.306559,0
332188.142685,4128607.959936,0
332188.217805,4128607.725333,0
332188.311100,4128607.512566,0
332188.413927,4128607.332907,0
332188.516531,4128607.142154,0
332188.628223,4128606.962318,0
332188.739914,4128606.782482,0
332188.920527,4128606.501367,0
332189.040862,4128606.310258,0
332189.169839,4128606.107877,0
332189.307904,4128605.916413,0
332189.454834,4128605.724772,0
332189.610629,4128605.532953,0
332189.862163,4128605.250417,0
332190.035911,4128605.069339,0
332190.209658,4128604.888261,0
332190.470280,4128604.616643,0
332190.670623,4128604.435033,0
332190.862545,4128604.275790,0
332191.063555,4128604.127466,0
332191.273874,4128604.001155,0
332191.475327,4128603.875022,0
332191.694512,4128603.748533,0
332191.905053,4128603.633318,0
332192.115594,4128603.518102,0
332192.335001,4128603.402709,0
332192.554407,4128603.287317,0
332192.888171,4128603.125234,0
332193.107800,4128603.020937,0
332193.327206,4128602.905544,0
332193.660748,4128602.732366,0
332193.889242,4128602.627891,0
332194.108649,4128602.512498,0
332194.337364,4128602.419118,0
332194.556993,4128602.314821,0
332194.785265,4128602.199251,0
332195.004671,4128602.083858,0
332195.233387,4128601.990479,0
332195.453016,4128601.886181,0
332195.681509,4128601.781706,0
332195.910225,4128601.688327,0
332196.129854,4128601.584030,0
332196.340618,4128601.479910,0
332196.569334,4128601.386531,0
332196.798049,4128601.293151,0
332197.017900,4128601.199949,0
332197.246616,4128601.106570,0
332197.475332,4128601.013191,0
332197.713136,4128600.930730,0
332197.950717,4128600.837173,0
332198.179433,4128600.743794,0
332198.408149,4128600.650414,0
332198.628000,4128600.557212,0
332198.847628,4128600.452915,0
332199.076122,4128600.348441,0
332199.304838,4128600.255061,0
332199.533999,4128600.183873,0
332199.781778,4128600.156712,0
332200.021136,4128600.151919,0
332200.260717,4128600.158222,0
332200.500964,4128600.197811,0
332200.750077,4128600.237223,0
332200.990546,4128600.287907,0
332201.231460,4128600.360783,0
332201.463953,4128600.456027,0
332201.688025,4128600.573640,0
332201.903010,4128600.680334,0
332202.118216,4128600.798125,0
332202.315471,4128600.905174,0
332202.504305,4128601.034593,0
332202.675186,4128601.153270,0
332202.828559,4128601.283399,0
332203.036456,4128601.479035,0
332203.209115,4128601.686477,0
332203.410146,4128601.982150,0
332203.511217,4128602.157725,0
332203.603867,4128602.355669,0
332203.696740,4128602.564708,0
332203.789835,4128602.784843,0
332203.891794,4128603.004800,0
332203.993754,4128603.224757,0
332204.077983,4128603.445070,0
332204.170856,4128603.654109,0
332204.254863,4128603.863326,0
332204.329783,4128604.061625,0
332204.413568,4128604.259746,0
332204.497353,4128604.457867,0
332204.590226,4128604.666907,0
332204.674455,4128604.887219,0
332204.767550,4128605.107354,0
332204.860644,4128605.327488,0
332204.963048,4128605.569637,0
332205.047722,4128605.812140,0
332205.149904,4128606.043193,0
332205.243220,4128606.274423,0
332205.345624,4128606.516571,0
332205.438941,4128606.747802,0
332205.549988,4128606.978677,0
332205.643305,4128607.209907,0
332205.727756,4128607.441315,0
332205.829716,4128607.661272,0
332205.914167,4128607.892680,0
332206.007484,4128608.123910,0
332206.118309,4128608.343690,0
332206.220268,4128608.563647,0
332206.313363,4128608.783782,0
332206.397370,4128608.992999,0
332206.498663,4128609.179670,0
332206.582226,4128609.366696,0
332206.666011,4128609.564817,0
332206.758661,4128609.762761,0
332206.851533,4128609.971800,0
332206.944406,4128610.180840,0
332207.055452,4128610.411715,0
332207.166055,4128610.620399,0
332207.294832,4128610.850919,0
332207.432030,4128611.059071,0
332207.604022,4128611.233227,0
332207.784212,4128611.373918,0
332207.964403,4128611.514609,0
332208.161657,4128611.621659,0
332208.358022,4128611.684327,0
332208.732135,4128611.765636,0
332208.936254,4128611.772649,0
332209.149239,4128611.779484,0
332209.362447,4128611.797415,0
332209.575432,4128611.804251,0
332209.788417,4128611.811086,0
332210.000957,4128611.795731,0
332210.222585,4128611.791293,0
332210.435348,4128611.787033,0
332210.647889,4128611.771678,0
332210.930906,4128611.732711,0
332211.169376,4128611.683537,0
332211.380805,4128611.612704,0
332211.565196,4128611.520212,0
332211.767316,4128611.427366,0
332211.995810,4128611.322892,0
332212.294558,4128611.183711,0
332212.496679,4128611.090864,0
332212.707664,4128610.997840,0
332213.023920,4128610.847209,0
332213.287430,4128610.719834,0
332213.472043,4128610.638438,0
332213.665520,4128610.556864,0
332213.946760,4128610.429134,0
332214.131373,4128610.347738,0
332214.394883,4128610.220363,0
332214.667258,4128610.092810,0
332214.860513,4128610.000141,0
332215.062856,4128609.918391,0
332215.273842,4128609.825367,0
332215.484605,4128609.721247,0
332215.695591,4128609.628224,0
332215.906576,4128609.535200,0
332216.134848,4128609.419630,0
332216.354477,4128609.315333,0
332216.600923,4128609.221599,0
332216.829195,4128609.106030,0
332217.066776,4128609.012473,0
332217.313000,4128608.907644,0
332217.550136,4128608.791897,0
332217.796360,4128608.687068,0
332218.024854,4128608.582594,0
332218.253348,4128608.478119,0
332218.473199,4128608.384918,0
332218.675320,4128608.292072,0
332218.868797,4128608.210499,0
332219.211427,4128608.048240,0
332219.474937,4128607.920864,0
332219.747312,4128607.793312,0
332220.098585,4128607.619780,0
332220.361873,4128607.481309,0
332220.634026,4128607.342661,0
332220.836147,4128607.249815,0
332221.029180,4128607.146051,0
332221.231079,4128607.042109,0
332221.415469,4128606.949618,0
332221.599859,4128606.857127,0
332221.888632,4128606.662646,0
332222.089420,4128606.503227,0
332222.254969,4128606.355613,0
332222.437583,4128606.174358,0
332222.594267,4128606.026922,0
332222.889906,4128605.732405,0
332223.054789,4128605.551505,0
332223.219228,4128605.348414,0
332223.383444,4128605.134227,0
332223.562503,4128604.775444,0
332223.655133,4128604.529391,0
332223.721389,4128604.294966,0
332223.779446,4128604.094004,0
332223.854790,4128603.870497,0
332223.903538,4128603.647522,0
332223.943420,4128603.424725,0
332223.992390,4128603.212846,0
332224.032718,4128603.012240,0
332224.088776,4128602.711419,0
332224.119349,4128602.466608,0
332224.140613,4128602.199784,0
332224.170520,4128601.921687,0
332224.164745,4128601.633204,0
332224.141239,4128601.345076,0
332224.117733,4128601.056948,0
332224.076719,4128600.780271,0
332224.026840,4128600.503771,0
332223.960119,4128600.272008,0
332223.884977,4128600.062614,0
332223.810058,4128599.864315,0
332223.698345,4128599.600153,0
332223.595941,4128599.358004,0
332223.501959,4128599.093487,0
332223.418396,4128598.906461,0
332223.297152,4128598.609190,0
332223.176574,4128598.345206,0
332223.093011,4128598.158180,0
332223.000584,4128597.971331,0
332222.898624,4128597.751374,0
332222.815062,4128597.564348,0
332222.731055,4128597.355131,0
332222.629096,4128597.135173,0
332222.536224,4128596.926134,0
332222.415423,4128596.651054,0
332222.340726,4128596.463850,0
332222.247854,4128596.254811,0
332222.163847,4128596.045594,0
332222.070753,4128595.825459,0
332221.977436,4128595.594229,0
332221.893652,4128595.396107,0
332221.809423,4128595.175795,0
332221.716106,4128594.944564,0
332221.632099,4128594.735347,0
332221.538117,4128594.470830,0
332221.436380,4128594.261968,0
332221.343952,4128594.075120,0
332221.269032,4128593.876821,0
332221.176604,4128593.689972,0
332221.083510,4128593.469837,0
332220.981551,4128593.249880,0
332220.888679,4128593.040841,3
332220.796251,4128592.853992,3
332220.703379,4128592.644953,3
332220.610951,4128592.458104,3
332220.518079,4128592.249065,3
332220.397723,4128591.996176,3
332220.295541,4128591.765123,3
332220.184717,4128591.545343,3
332220.110019,4128591.358139,3
332220.017591,4128591.171291,3
332219.915632,4128590.951333,3
332219.822982,4128590.753389,3
332219.730332,4128590.555445,3
332219.646769,4128590.368419,3
332219.545032,4128590.159558,3
332219.443073,4128589.939600,0
332219.341113,4128589.719643,0
332219.202138,4128589.422727,0
332219.118131,4128589.213510,0
332219.025703,4128589.026661,0
332218.913990,4128588.762499,0
332218.793634,4128588.509610,0
332218.664191,4128588.245803,0
332218.580628,4128588.058778,0
332218.488200,4128587.871929,0
332218.330828,4128587.542082,0
332218.228869,4128587.322124,0
332218.126909,4128587.102167,0
332218.015862,4128586.871291,0
332217.914125,4128586.662429,0
332217.812388,4128586.453567,0
332217.728603,4128586.255446,0
332217.607802,4128585.980366,0
332217.505398,4128585.738218,0
332217.402772,4128585.484974,0
332217.299702,4128585.209539,0
332217.233647,4128585.011063,0
332217.149418,4128584.790750,0
332217.064967,4128584.559342,0
332216.980515,4128584.327934,0
332216.878112,4128584.085786,0
332216.784351,4128583.832365,0
332216.690590,4128583.578943,0
332216.596829,4128583.325522,0
332216.494425,4128583.083373,0
332216.400886,4128582.841047,0
332216.307348,4128582.598722,0
332216.214031,4128582.367491,0
332216.111627,4128582.125343,0
332216.018311,4128581.894112,0
332215.924994,4128581.662882,0
332215.822812,4128581.431829,0
332215.720630,4128581.200776,0
332215.627314,4128580.969546,0
332215.525132,4128580.738493,0
332215.431593,4128580.496167,0
332215.329412,4128580.265114,0
332215.236095,4128580.033884,0
332215.151643,4128579.802476,0
332215.066970,4128579.559972,0
332214.982518,4128579.328565,0
332214.906710,4128579.085884,0
332214.804528,4128578.854831,0
332214.720076,4128578.623423,0
332214.626760,4128578.392193,0
332214.533443,4128578.160962,0
332214.448992,4128577.929554,0
332214.355675,4128577.698324,0
332214.262580,4128577.478189,0
332214.169708,4128577.269150,0
332214.086145,4128577.082124,0
332213.993273,4128576.873084,0
332213.918575,4128576.685881,0
332213.826147,4128576.499032,0
332213.742362,4128576.300911,0
332213.649933,4128576.114063,0
332213.547752,4128575.883010,0
332213.463967,4128575.684888,0
332213.370650,4128575.453658,0
332213.259603,4128575.222783,0
332213.184016,4128574.991197,0
332213.090700,4128574.759967,0
332213.006470,4128574.539655,0
332212.922463,4128574.330438,0
332212.838456,4128574.121221,0
332212.772401,4128573.922744,0
332212.679528,4128573.713705,0
332212.595521,4128573.504488,0
332212.520379,4128573.295094,0
332212.427284,4128573.074959,0
332212.343055,4128572.854647,0
332212.240873,4128572.623594,0
332212.147778,4128572.403459,0
332212.036953,4128572.183679,0
332211.934771,4128571.952626,0
332211.832589,4128571.721573,0
332211.730407,4128571.490520,0
332211.619582,4128571.270740,0
332211.517400,4128571.039688,0
332211.406575,4128570.819908,0
332211.295528,4128570.589032,0
332211.193346,4128570.357980,0
332211.091386,4128570.138022,0
332210.980339,4128569.907147,0
332210.887244,4128569.687012,0
332210.776197,4128569.456137,0
332210.682880,4128569.224906,0
332210.572055,4128569.005126,0
332210.469873,4128568.774074,0
332210.367691,4128568.543021,0
332210.274374,4128568.311790,0
332210.163549,4128568.092011,0
332210.070232,4128567.860780,0
332209.976915,4128567.629550,0
332209.874956,4128567.409593,0
332209.781639,4128567.178362,0
332209.688544,4128566.958227,0
332209.586362,4128566.727175,0
332209.493045,4128566.495944,0
332209.399950,4128566.275809,0
332209.297768,4128566.044757,0
332209.204451,4128565.813526,0
332209.102491,4128565.593569,0
332208.991444,4128565.362694,0
332208.889262,4128565.131641,0
332208.787302,4128564.911683,0
332208.685120,4128564.680631,0
332208.574295,4128564.460851,0
332208.472335,4128564.240893,0
332208.379240,4128564.020759,0
332208.268859,4128563.823170,0
332208.167343,4128563.625403,0
332208.065827,4128563.427637,0
332207.918431,4128563.153090,0
332207.825780,4128562.955146,0
332207.715399,4128562.757557,0
332207.613884,4128562.559791,0
332207.438781,4128562.230298,0
332207.336821,4128562.010341,0
332207.225996,4128561.790561,0
332207.106083,4128561.559864,0
332206.995036,4128561.328988,0
332206.884210,4128561.109208,0
332206.764298,4128560.878511,0
332206.653473,4128560.658731,0
332206.551735,4128560.449869,0
332206.458862,4128560.240830,0
332206.375076,4128560.042708,0
332206.254497,4128559.778724,0
332206.143006,4128559.525658,0
332206.050577,4128559.338809,0
332205.967014,4128559.151784,0
332205.883229,4128558.953662,0
332205.790800,4128558.766814,0
332205.698372,4128558.579966,0
332205.614808,4128558.392940,0
332205.504649,4128558.206447,0
332205.394491,4128558.019953,0
332205.275467,4128557.833637,0
332205.156443,4128557.647322,0
332205.037419,4128557.461006,0
332204.901109,4128557.297236,0
332204.701409,4128557.068136,0
332204.556678,4128556.926734,0
332204.411948,4128556.785333,0
332204.151081,4128556.601857,0
332203.971111,4128556.472262,0
332203.782721,4128556.365034,0
332203.558870,4128556.258517,0
332203.344328,4128556.174013,0
332203.120922,4128556.089687,0
332202.897959,4128556.027552,0
332202.675441,4128555.987607,0
332202.470653,4128555.947308,0
332202.266088,4128555.918104,0
332201.972870,4128555.890675,0
332201.697828,4128555.885083,0
332201.396412,4128555.891118,0
332201.059535,4128555.897863,0
332200.820397,4128555.913751,0
332200.572617,4128555.940913,0
332200.325280,4128555.990265,0
332200.069301,4128556.050890,0
332199.813544,4128556.122611,0
332199.575961,4128556.216167,0
332199.347022,4128556.298451,0
332199.126948,4128556.380557,0
332198.783650,4128556.509531,0
332198.581306,4128556.591282,0
332198.361232,4128556.673388,0
332198.150023,4128556.755317,0
332197.886511,4128556.882692,0
332197.675302,4128556.964621,0
332197.455672,4128557.068918,0
332197.218756,4128557.195762,0
332196.894744,4128557.402048,0
332196.693955,4128557.561468,0
332196.511563,4128557.753819,0
332196.355989,4128557.956733,0
332196.236320,4128558.181128,0
332196.108008,4128558.416796,0
332195.988339,4128558.641191,0
332195.868893,4128558.876682,0
332195.758311,4128559.111995,0
332195.665460,4128559.346953,0
332195.590339,4128559.581556,0
332195.515218,4128559.816159,0
332195.439875,4128560.039666,0
332195.382262,4128560.262819,0
332195.333070,4128560.463603,0
332195.301609,4128560.664032,0
332195.279012,4128560.864283,0
332195.231375,4128561.142735,0
332195.192604,4128561.421010,0
332195.171341,4128561.687835,0
332195.150077,4128561.954659,0
332195.130369,4128562.299152,0
332195.135701,4128562.565444,0
332195.158542,4128562.820285,0
332195.200445,4128563.141344,0
332195.248770,4128563.340175,0
332195.324357,4128563.571761,0
332195.390413,4128563.770237,0
332195.466000,4128564.001822,0
332195.559095,4128564.221957,0
332195.633793,4128564.409160,0
332195.717357,4128564.596186,0
332195.792055,4128564.783389,0
332195.866753,4128564.970592,0
332195.977579,4128565.190372,0
332196.079539,4128565.410329,0
332196.181277,4128565.619191,0
332196.283460,4128565.850244,7
332196.358158,4128566.037447,7
332196.432856,4128566.224650,7
332196.516420,4128566.411676,7
332196.646308,4128566.697673,7
332196.712364,4128566.896150,7
332196.795927,4128567.083175,7
332196.889244,4128567.314406,7
332196.982562,4128567.545636,7
332197.084744,4128567.776689,7
332197.151244,4128567.997356,7
332197.218854,4128568.273500,7
332197.276711,4128568.505441,7
332197.334789,4128568.748476,7
332197.383559,4128568.969499,7
332197.441860,4128569.223630,7
332197.481319,4128569.422639,7
332197.512136,4128569.632921,7
332197.561128,4128569.865038,7
332197.583746,4128570.108784,7
332197.615229,4128570.352352,7
332197.646712,4128570.595921,7
332197.671108,4128570.928431,7
332197.676440,4128571.194722,7
332197.681328,4128571.438823,7
332197.650532,4128571.672539,7
332197.627936,4128571.872790,7
332197.605784,4128572.095232,7
332197.542417,4128572.473899,7
332197.502312,4128572.685601,7
332197.453787,4128572.919671,7
332197.396174,4128573.142824,7
332197.320609,4128573.355236,7
332197.245044,4128573.567648,7
332197.134684,4128573.814056,7
332197.040722,4128573.993537,7
332196.929474,4128574.195563,7
332196.826870,4128574.386317,7
332196.714955,4128574.555057,7
332196.585755,4128574.746343,7
332196.447911,4128574.948902,7
332196.300758,4128575.129448,7
332196.119033,4128575.355085,7
332195.963238,4128575.546904,7
332195.806997,4128575.716532,7
332195.677130,4128575.874531,7
332195.494961,4128576.077978,7
332195.347364,4128576.236333,7
332195.173171,4128576.395220,7
332194.990114,4128576.554284,7
332194.824564,4128576.701899,7
332194.676967,4128576.860253,7
332194.485266,4128577.030591,7
332194.328137,4128577.155837,7
332194.127127,4128577.304161,7
332193.872926,4128577.453550,7
332193.697622,4128577.556960,7
332193.513231,4128577.649452,7
332193.258364,4128577.765555,7
332193.020782,4128577.859112,7
332192.800264,4128577.919027,7
332192.535865,4128578.002021,7
332192.306926,4128578.084305,7
332192.016153,4128578.178927,7
332191.813365,4128578.238487,7
332191.601713,4128578.298225,7
332191.398703,4128578.346690,7
332191.195471,4128578.384060,7
332190.939270,4128578.433590,7
332190.691268,4128578.449656,7
332190.469861,4128578.465189,7
332190.239367,4128578.469805,7
332189.866586,4128578.455070,7
332189.662688,4128578.459153,7
332189.449702,4128578.452318,7
332189.245359,4128578.434210,7
332189.041461,4128578.438293,7
332188.748244,4128578.410864,7
332188.463670,4128578.372163,7
332188.187740,4128578.322189,7
332187.912031,4128578.283310,7
332187.644965,4128578.233158,7
332187.368813,4128578.172089,7
332186.985833,4128578.090958,7
332186.771959,4128578.039741,7
332186.549219,4128577.988702,7
332186.343987,4128577.926212,7
332186.139200,4128577.885913,7
332185.872134,4128577.835761,7
332185.667347,4128577.795462,7
332185.453695,4128577.755341,7
332185.240264,4128577.726315,7
332185.036144,4128577.719303,7
332184.822713,4128577.690277,7
332184.574045,4128577.673057,7
332184.308312,4128577.689478,7
332184.104191,4128577.682466,7
332183.890983,4128577.664535,7
332183.686863,4128577.657523,7
332183.420686,4128577.651753,7
332183.207700,4128577.644918,7
332182.986293,4128577.660452,7
332182.764886,4128577.675986,7
332182.508019,4128577.692230,7
332182.269104,4128577.719214,7
332182.048142,4128577.756939,7
332181.792386,4128577.828660,7
332181.448644,4128577.935443,7
332181.237214,4128578.006277,7
332181.016918,4128578.077288,7
332180.805932,4128578.170313,7
332180.621763,4128578.273900,7
332180.437817,4128578.388583,7
332180.219299,4128578.548358,7
332180.027154,4128578.696505,7
332179.747913,4128578.924096,7
332179.529395,4128579.083871,7
332179.337472,4128579.243114,7
332179.093692,4128579.469995,7
332178.910190,4128579.606869,7
332178.727577,4128579.788125,7
332178.570893,4128579.935562,7
332178.414209,4128580.082999,7
332178.275477,4128580.241176,7
332178.102174,4128580.444446,7
332177.946378,4128580.636265,7
332177.799670,4128580.839002,7
332177.687978,4128581.018838,7
332177.567199,4128581.187755,7
332177.428912,4128581.368124,7
332177.274228,4128581.615420,7
332177.162980,4128581.817447,7
332177.051955,4128582.030569,7
332176.941152,4128582.254787,7
332176.830349,4128582.479005,7
332176.719546,4128582.703223,7
332176.643982,4128582.915635,7
332176.560219,4128583.161511,7
332176.476900,4128583.429578,7
332176.437463,4128583.674567,7
332176.397581,4128583.897364,7
332176.358366,4128584.153448,7
332176.345968,4128584.420095,7
332176.333571,4128584.686742,7
332176.312753,4128584.975758,7
332176.316974,4128585.186572,7
332176.321418,4128585.408482,7
332176.326751,4128585.674774,7
332176.340949,4128585.940888,7
332176.363790,4128586.195729,7
332176.368678,4128586.439830,7
332176.399274,4128586.639016,7
332176.438956,4128586.849121,7
332176.470662,4128587.103784,7
332176.519654,4128587.335902,7
332176.577067,4128587.545651,7
332176.643344,4128587.755223,7
332176.691892,4128587.965149,7
332176.758170,4128588.174721,7
332176.824892,4128588.406484,7
332176.899813,4128588.604782,7
332176.993797,4128588.869299,0
332177.106845,4128589.200033,0
332177.209250,4128589.442181,0
332177.276194,4128589.685039,0
332177.425147,4128590.037254,0
332177.508710,4128590.224280,0
332177.592718,4128590.433497,0
332177.667861,4128590.642891,0
332177.760957,4128590.863025,0
332177.872005,4128591.093900,0
332177.983053,4128591.324775,0
332178.102966,4128591.555472,0
332178.231521,4128591.774897,0
332178.351212,4128591.994499,0
332178.506364,4128592.213391,0
332178.669713,4128592.398818,0
332178.833063,4128592.584246,0
332179.022120,4128592.724759,0
332179.210732,4128592.843082,0
332179.390257,4128592.950486,0
332179.632060,4128593.067743,0
332179.837513,4128593.141328,0
332180.078650,4128593.225299,0
332180.319119,4128593.275983,0
332180.613002,4128593.336697,0
332180.835297,4128593.365545,0
332181.066235,4128593.383121,0
332181.296951,4128593.389600,0
332181.518579,4128593.385162,0
332181.801597,4128593.346195,0
332182.049154,4128593.307937,0
332182.278981,4128593.270035,0
332182.543825,4128593.209232,0
332182.746834,4128593.160767,0
332182.967352,4128593.100851,0
332183.205599,4128593.040580,0
332183.452490,4128592.969036,0
332183.708468,4128592.908411,0
332183.964446,4128592.847785,0
332184.220202,4128592.776064,0
332184.458450,4128592.715793,0
332184.679190,4128592.666973,0
332184.873334,4128592.618685,0
332185.217519,4128592.534093,0
332185.455545,4128592.462727,0
332185.720166,4128592.390828,0
332185.922731,4128592.320172,0
332186.134161,4128592.249339,0
332186.354456,4128592.178328,0
332186.574752,4128592.107317,0
332186.794825,4128592.025210,0
332187.006033,4128591.943281,0
332187.208376,4128591.861529,0
332187.480973,4128591.745071,0
332187.718777,4128591.662610,0
332187.965001,4128591.557780,0
332188.193717,4128591.464400,0
332188.404925,4128591.382471,0
332188.677745,4128591.277108,0
332188.879866,4128591.184262,0
332189.108804,4128591.101977,0
332189.346385,4128591.008420,0
332189.592610,4128590.903590,0
332189.830191,4128590.810033,0
332190.058907,4128590.716654,0
332190.287846,4128590.634370,0
332190.499054,4128590.552441,0
332190.701397,4128590.470690,0
332190.895097,4128590.400211,0
332191.088797,4128590.329733,0
332191.282497,4128590.259254,0
332191.563960,4128590.142619,0
332191.819271,4128590.048707,0
332192.056853,4128589.955150,0
332192.276926,4128589.873043,0
332192.549523,4128589.756585,0
332192.804835,4128589.662674,0
332192.998313,4128589.581100,0
332193.218386,4128589.498993,0
332193.579191,4128589.358569,0
332193.816772,4128589.265012,0
332194.063441,4128589.182373,0
332194.301023,4128589.088816,0
332194.529739,4128588.995437,0
332194.741169,4128588.924604,0
332194.978751,4128588.831047,0
332195.207689,4128588.748763,0
332195.419120,4128588.677930,0
332195.621463,4128588.596178,0
332195.868131,4128588.513540,0
332196.079340,4128588.431611,0
332196.343517,4128588.337521,0
332196.546082,4128588.266866,0
332196.766155,4128588.184759,0
332197.003959,4128588.102298,0
332197.241763,4128588.019837,0
332197.470701,4128587.937553,0
332197.699640,4128587.855269,0
332197.919713,4128587.773163,0
332198.122056,4128587.691412,0
332198.333486,4128587.620578,0
332198.615172,4128587.515039,0
332198.870261,4128587.410031,0
332199.107843,4128587.316475,0
332199.371798,4128587.211290,0
332199.556410,4128587.129894,0
332199.758976,4128587.059238,0
332199.970184,4128586.977309,0
332200.181170,4128586.884285,0
332200.401021,4128586.791083,0
332200.629516,4128586.686609,0
332200.867097,4128586.593052,0
332201.095591,4128586.488577,0
332201.333173,4128586.395021,0
332201.570532,4128586.290368,0
332201.790384,4128586.197167,0
332202.019100,4128586.103788,0
332202.230086,4128586.010763,0
332202.441072,4128585.917739,0
332202.643638,4128585.847084,0
332202.836894,4128585.754415,0
332203.030372,4128585.672841,0
332203.294104,4128585.556561,0
332203.575123,4128585.417735,0
332203.759736,4128585.336339,0
332203.953214,4128585.254765,0
332204.208082,4128585.138663,0
332204.401338,4128585.045993,0
332204.594816,4128584.964420,0
332204.788072,4128584.871751,0
332204.972685,4128584.790355,0
332205.183893,4128584.708426,0
332205.377149,4128584.615757,0
332205.570627,4128584.534184,0
332205.763883,4128584.441515,0
332205.957583,4128584.371037,0
332206.142196,4128584.289641,0
332206.335674,4128584.208067,0
332206.564391,4128584.114688,3
332206.784242,4128584.021486,3
332206.968855,4128583.940090,3
332207.197350,4128583.835616,3
332207.390606,4128583.742947,3
332207.584084,4128583.661373,3
332207.768697,4128583.579977,3
332207.970818,4128583.487131,3
332208.182026,4128583.405203,3
332208.366417,4128583.312711,3
332208.559895,4128583.231138,3
332208.797255,4128583.126486,3
332209.008463,4128583.044557,3
332209.193076,4128582.963161,3
332209.404285,4128582.881233,0
332209.720986,4128582.752792,0
332209.940838,4128582.659591,0
332210.169332,4128582.555117,0
332210.415557,4128582.450287,0
332210.652917,4128582.345635,0
332210.872546,4128582.241338,0
332211.127414,4128582.125236,0
332211.347265,4128582.032035,0
332211.610998,4128581.915755,0
332211.830850,4128581.822553,0
332212.059567,4128581.729174,0
332212.253045,4128581.647601,0
332212.446523,4128581.566028,0
332212.657287,4128581.461908,0
332212.859408,4128581.369062,0
332213.228635,4128581.206270,0
332213.448486,4128581.113069,0
332213.685846,4128581.008417,0
332213.932071,4128580.903588,0
332214.178073,4128580.787663,0
332214.432941,4128580.671561,0
332214.679166,4128580.566731,0
332214.916526,4128580.462080,0
332215.162751,4128580.357250,0
332215.400111,4128580.252599,0
332215.628605,4128580.148124,0
332215.857100,4128580.043650,0
332216.085817,4128579.950271,0
332216.314311,4128579.845797,0
332216.534163,4128579.752596,0
332216.859508,4128579.612883,0
332217.088002,4128579.508409,0
332217.307854,4128579.415207,0
332217.642286,4128579.286412,0
332217.871003,4128579.193033,0
332218.099497,4128579.088559,0
332218.337079,4128578.995003,0
332218.565796,4128578.901624,0
332218.803156,4128578.796973,0
332219.049603,4128578.703239,0
332219.278320,4128578.609860,0
332219.524767,4128578.516127,0
332219.762349,4128578.422571,0
332219.991066,4128578.329192,0
332220.228648,4128578.235636,0
332220.457143,4128578.131162,0
332220.685637,4128578.026688,0
332220.922997,4128577.922036,0
332221.142627,4128577.817739,0
332221.485480,4128577.666576,0
332221.713975,4128577.562102,0
332221.942692,4128577.468723,0
332222.285323,4128577.306464,0
332222.504952,4128577.202168,0
332222.733225,4128577.086598,0
332222.943989,4128576.982479,0
332223.181127,4128576.866732,0
332223.374606,4128576.785159,0
332223.558997,4128576.692668,0
332223.761118,4128576.599822,0
332224.024851,4128576.483542,0
332224.209465,4128576.402147,0
332224.420229,4128576.298028,0
332224.666454,4128576.193199,0
332225.044546,4128576.030230,0
332225.290771,4128575.925401,0
332225.519266,4128575.820927,0
332225.738896,4128575.716631,0
332226.027892,4128575.533246,0
332226.193664,4128575.396728,0
332226.393786,4128575.204022,0
332226.549139,4128574.990013,0
332226.669030,4128574.776714,0
332226.762327,4128574.563948,0
332226.838115,4128574.362631,0
332226.878442,4128574.162025,0
332226.918103,4128573.928132,0
332226.921193,4128573.639472,0
332226.890155,4128573.418095,0
332226.832743,4128573.208345,0
332226.730117,4128572.955101,0
332226.592697,4128572.735854,0
332226.410729,4128572.506398,0
332226.283285,4128572.342450,0
332226.164484,4128572.167230,0
332226.071834,4128571.969286,0
332225.933081,4128571.683465,0
332225.858161,4128571.485166,0
332225.755980,4128571.254113,0
332225.681282,4128571.066910,0
332225.588854,4128570.880061,0
332225.504847,4128570.670844,0
332225.429705,4128570.461450,0
332225.327746,4128570.241492,0
332225.198747,4128569.999876,0
332225.114517,4128569.779564,0
332225.021201,4128569.548333,0
332224.909710,4128569.295267,0
332224.788909,4128569.020187,0
332224.659688,4128568.767475,0
332224.530022,4128568.492573,0
332224.400801,4128568.239861,0
332224.280445,4128567.986972,0
332224.160088,4128567.734083,0
332224.049264,4128567.514303,0
332223.955947,4128567.283073,0
332223.845345,4128567.074388,0
332223.743385,4128566.854431,0
332223.650291,4128566.634296,0
332223.557196,4128566.414161,0
332223.455459,4128566.205299,0
332223.353499,4128565.985341,0
332223.260405,4128565.765206,0
332223.167311,4128565.545071,0
332223.073994,4128565.313841,0
332222.972034,4128565.093883,0
332222.869853,4128564.862830,0
332222.776758,4128564.642695,0
332222.665934,4128564.422915,0
332222.555109,4128564.203135,0
332222.461792,4128563.971905,0
332222.350745,4128563.741029,0
332222.239920,4128563.521249,0
332222.082548,4128563.191402,0
332221.980589,4128562.971444,0
332221.850479,4128562.674351,0
332221.739876,4128562.465666,0
332221.656091,4128562.267545,0
332221.572528,4128562.080519,0
332221.471013,4128561.882752,0
332221.369053,4128561.662795,8
332221.293911,4128561.453400,8
332221.192174,4128561.244538,8
332221.090214,4128561.024581,8
332221.006207,4128560.815364,8
332220.913779,4128560.628516,8
332220.812041,4128560.419654,8
332220.719613,4128560.232805,0
332220.590169,4128559.968998,0
332220.497741,4128559.782150,0
332220.396226,4128559.584383,0
332220.294710,4128559.386617,0
332220.184107,4128559.177932,0
332220.062640,4128558.869566,0
332219.969768,4128558.660526,0
332219.868252,4128558.462760,0
332219.739031,4128558.210048,0
332219.636849,4128557.978995,0
332219.526024,4128557.759215,0
332219.433374,4128557.561271,0
332219.332080,4128557.374601,0
